{
  "scenario": "geo_heterogeneous",
  "description": "Channel effectiveness varies 0.3-1.8x by geography and budgets chase performance; the pooled model has one beta per channel and intercept-only geo offsets.",
  "violates": "global media coefficients (per-geo effectiveness homogeneity)",
  "representable": false,
  "channels": [
    "TV",
    "Search",
    "Social",
    "Display"
  ],
  "true_contribution": {
    "TV": 11470.628737936615,
    "Search": 7517.725613513967,
    "Social": 7249.290391057258,
    "Display": 2355.0882726987993
  },
  "true_roas": {
    "TV": 0.21759312470774,
    "Search": 2.724825481870571,
    "Social": 2.705289502584226,
    "Display": 0.13201211845419758
  },
  "geographies": [
    "NYC",
    "LA",
    "Chicago",
    "Dallas",
    "Houston",
    "Atlanta",
    "Phoenix",
    "Seattle"
  ],
  "products": null,
  "true_contribution_by_geo": {
    "NYC": {
      "TV": 1655.08623354233,
      "Search": 1003.5461495657339,
      "Social": 1522.4559383006115,
      "Display": 421.37692921014474
    },
    "LA": {
      "TV": 1714.6647775499625,
      "Search": 293.63827881988715,
      "Social": 688.9999068102901,
      "Display": 227.3529497040506
    },
    "Chicago": {
      "TV": 1090.197928026032,
      "Search": 1496.0276685795982,
      "Social": 581.7608206133996,
      "Display": 862.4616501369921
    },
    "Dallas": {
      "TV": 1648.2146462407236,
      "Search": 242.98341833337784,
      "Social": 613.5566509550358,
      "Display": 155.67456303081673
    },
    "Houston": {
      "TV": 328.36621788924657,
      "Search": 2009.0150161515228,
      "Social": 803.6655167188626,
      "Display": 136.97237109254166
    },
    "Atlanta": {
      "TV": 1771.027230162704,
      "Search": 451.0489925893906,
      "Social": 1800.6052325022615,
      "Display": 174.99360616425224
    },
    "Phoenix": {
      "TV": 212.20223379441893,
      "Search": 368.81372917167954,
      "Social": 539.6521304712247,
      "Display": 293.74041140320514
    },
    "Seattle": {
      "TV": 3050.8694707311965,
      "Search": 1652.652360302777,
      "Social": 698.5941946855713,
      "Display": 82.51579195679626
    }
  },
  "true_roas_by_geo": {
    "NYC": {
      "TV": 0.22699808553992346,
      "Search": 2.7480329973969866,
      "Social": 3.574007905256757,
      "Display": 0.15455967523123534
    },
    "LA": {
      "TV": 0.32311600697939025,
      "Search": 1.7787173347377472,
      "Social": 3.0089961036478874,
      "Display": 0.1508780334392257
    },
    "Chicago": {
      "TV": 0.141833540448782,
      "Search": 2.7968434314728916,
      "Social": 1.5860279222659632,
      "Display": 0.18793880475385996
    },
    "Dallas": {
      "TV": 0.2886099892142346,
      "Search": 1.4608630426876994,
      "Social": 2.685199296024968,
      "Display": 0.10550400820977353
    },
    "Houston": {
      "TV": 0.07739888473717359,
      "Search": 3.844219882488767,
      "Social": 2.331352327338622,
      "Display": 0.07578192155067943
    },
    "Atlanta": {
      "TV": 0.22653125330350773,
      "Search": 1.669412638144554,
      "Social": 3.7273950392757556,
      "Display": 0.0898950940997223
    },
    "Phoenix": {
      "TV": 0.06634156621285969,
      "Search": 1.7368404046049375,
      "Social": 2.1500381632396355,
      "Display": 0.14364846758257674
    },
    "Seattle": {
      "TV": 0.26618183160497716,
      "Search": 3.1639520560514884,
      "Social": 1.9924389326274312,
      "Display": 0.0473350612138077
    }
  },
  "notes": {
    "effect_multipliers": {
      "NYC": {
        "TV": 1.3055408761537257,
        "Search": 1.0685734702247407,
        "Social": 1.525104653954487,
        "Display": 1.1236129033050395
      },
      "LA": {
        "TV": 1.7713704589459582,
        "Search": 0.6067641919950673,
        "Social": 1.1305955442978417,
        "Display": 1.0254370453850816
      },
      "Chicago": {
        "TV": 0.8299122825906722,
        "Search": 1.1873929559235652,
        "Social": 0.6529518475013708,
        "Display": 1.5033040256677253
      },
      "Dallas": {
        "TV": 1.601000327763622,
        "Search": 0.49313950684177654,
        "Social": 1.0006098101074068,
        "Display": 0.7157173388005564
      },
      "Houston": {
        "TV": 0.4246754966028636,
        "Search": 1.6439164623755513,
        "Social": 0.944923038071753,
        "Display": 0.521536949943141
      },
      "Atlanta": {
        "TV": 1.310043535913866,
        "Search": 0.6033240416820572,
        "Social": 1.6521466180322655,
        "Display": 0.6257223861277923
      },
      "Phoenix": {
        "TV": 0.349612031066143,
        "Search": 0.601153431241829,
        "Social": 0.8186218106334593,
        "Display": 1.003362245133727
      },
      "Seattle": {
        "TV": 1.659201508343341,
        "Search": 1.3460416331044467,
        "Social": 0.8089809911136678,
        "Display": 0.32531582264624676
      }
    },
    "geo_share": {
      "NYC": 0.9244583968300862,
      "LA": 0.5715167562789585,
      "Chicago": 1.2461582672202771,
      "Dallas": 0.6473304620494735,
      "Houston": 1.0164126945972871,
      "Atlanta": 0.933542516352447,
      "Phoenix": 0.756481611820847,
      "Seattle": 1.141029695877994
    },
    "maxes": {
      "TV": 497.1053690206789,
      "Search": 252.53167020859962,
      "Social": 191.75350479048552,
      "Display": 262.7666308514607
    },
    "geo_offsets": {
      "NYC": -44.571575667696045,
      "LA": 12.179802914802895,
      "Chicago": -42.24886985070529,
      "Dallas": -51.54953086149638,
      "Houston": 53.79941439501301,
      "Atlanta": -15.720825152425082,
      "Phoenix": 19.54115430201591,
      "Seattle": -43.44383125596536
    }
  }
}