{
  "protocol": {
    "world": "realistic (synth, 156w x 7ch)",
    "origins": [
      104,
      117,
      130,
      143
    ],
    "horizon_weeks": 13,
    "n_forecasts": 52,
    "sampler": "numpyro, 4 chains x 500 draws (500 tune), parametric adstock"
  },
  "summary": {
    "mmm": {
      "mape": 0.029694062782255313,
      "smape": 0.029490010960731686,
      "rmse": 34.30703767582032,
      "mae": 25.833785317006758,
      "bias": -5.598419722020063,
      "mase": 0.23904922397324088,
      "coverage_50": 0.5961538461538461,
      "coverage_80": 0.8846153846153846,
      "coverage_95": 0.9423076923076923
    },
    "seasonal_naive": {
      "mape": 0.1377701938012956,
      "smape": 0.15185214963356147,
      "rmse": 160.55201303441734,
      "mae": 128.83004567137073,
      "bias": -110.0271903869291,
      "mase": 1.1938128223261733
    },
    "naive_last_value": {
      "mape": 0.1319037084090317,
      "smape": 0.1341407143326265,
      "rmse": 150.55051305215267,
      "mae": 117.91367636068608,
      "bias": -14.967929094182521,
      "mase": 1.07113708238445
    }
  },
  "by_horizon_mape": {
    "1": 0.030559206961506012,
    "2": 0.037251711095461056,
    "3": 0.031986373245013196,
    "4": 0.03226574811995176,
    "5": 0.04721871615412151,
    "6": 0.020651336685271714,
    "7": 0.05135243814365123,
    "8": 0.02045208710452287,
    "9": 0.021950993787222615,
    "10": 0.029104803107887812,
    "11": 0.014377759111312418,
    "12": 0.019572809329433644,
    "13": 0.029278833323963287
  },
  "coverage": {
    "0.50": {
      "empirical": 0.5961538461538461,
      "mean_width_pct_of_kpi": 0.059916138917947476
    },
    "0.80": {
      "empirical": 0.8846153846153846,
      "mean_width_pct_of_kpi": 0.11451460809013235
    },
    "0.95": {
      "empirical": 0.9423076923076923,
      "mean_width_pct_of_kpi": 0.17534402891431508
    }
  },
  "fit_seconds": [
    17.073909997940063,
    17.38826298713684,
    17.22885298728943,
    18.84602117538452
  ],
  "trend_break_control": {
    "mape": 0.11410842751408555,
    "coverage_80": 0.5769230769230769
  }
}