{
  "protocol": {
    "world": "realistic (synth, 156w x 7ch)",
    "origins": [
      104,
      117,
      130,
      143
    ],
    "horizon_weeks": 13,
    "n_forecasts": 52,
    "sampler": "numpyro, 4 chains x 500 draws (500 tune), parametric adstock"
  },
  "summary": {
    "mmm": {
      "mape": 0.029803674597590125,
      "smape": 0.029596582139485246,
      "rmse": 34.461388084631466,
      "mae": 25.912516073665948,
      "bias": -5.616040166003573,
      "mase": 0.2398873952204049,
      "coverage_50": 0.5961538461538461,
      "coverage_80": 0.9038461538461539,
      "coverage_95": 0.9423076923076923
    },
    "seasonal_naive": {
      "mape": 0.1377701938012956,
      "smape": 0.15185214963356147,
      "rmse": 160.55201303441734,
      "mae": 128.83004567137073,
      "bias": -110.0271903869291,
      "mase": 1.1938128223261733
    },
    "naive_last_value": {
      "mape": 0.1319037084090317,
      "smape": 0.1341407143326265,
      "rmse": 150.55051305215267,
      "mae": 117.91367636068608,
      "bias": -14.967929094182521,
      "mase": 1.07113708238445
    }
  },
  "by_horizon_mape": {
    "1": 0.03072039099641418,
    "2": 0.03764130314969008,
    "3": 0.03292399721024043,
    "4": 0.03211996173415224,
    "5": 0.04813262494293551,
    "6": 0.020087549356513412,
    "7": 0.05182611845693742,
    "8": 0.019668198321436438,
    "9": 0.02142860949609771,
    "10": 0.029501331558754007,
    "11": 0.013983205490212302,
    "12": 0.01959391837644655,
    "13": 0.02982056067884127
  },
  "coverage": {
    "0.50": {
      "empirical": 0.5961538461538461,
      "mean_width_pct_of_kpi": 0.06014272028635321
    },
    "0.80": {
      "empirical": 0.9038461538461539,
      "mean_width_pct_of_kpi": 0.11404727702868661
    },
    "0.95": {
      "empirical": 0.9423076923076923,
      "mean_width_pct_of_kpi": 0.1747685529512184
    }
  },
  "fit_seconds": [
    19.37301993370056,
    15.79006814956665,
    15.565027236938477,
    16.692575931549072
  ],
  "trend_break_control": {
    "mape": 0.1141941283935915,
    "coverage_80": 0.5769230769230769
  }
}