{
  "tested": [
    "Display",
    "Search",
    "TV"
  ],
  "error_by_round": {
    "0": 0.3145688136940544,
    "1": 0.25476400772935087,
    "2": 0.20907073489931027,
    "3": 0.17580457881432393
  },
  "evpi_by_round": {
    "0": 349.5644005420472,
    "1": 307.60689092306893,
    "2": 221.97488090280967,
    "3": 237.43344426862313
  },
  "decision_value_by_round": {
    "0": 13961.865045459877,
    "1": 13956.697939046457,
    "2": 14583.038632038944,
    "3": 14750.348141327235
  },
  "v_historical": 14884.757157947042,
  "v_true_optimum": 15122.438241074253,
  "readout_se": 0.09
}