{
  "world": "unobserved_confounding",
  "naive_roas": {
    "TV": 0.26538320733963244,
    "Search": 0.7955667352944216,
    "Social": 0.8437101345998027,
    "Display": 0.5703918556842679
  },
  "true_roas": {
    "TV": 0.682114771469367,
    "Search": 0.6299248869005358,
    "Social": 0.4686645739528471,
    "Display": 0.6678779388676883
  },
  "inflation": {
    "TV": 0.3890594639490966,
    "Search": 1.2629549202428008,
    "Social": 1.8002430341250615,
    "Display": 0.8540360782859558
  },
  "clean_inflation": {
    "TV": 0.43234874047373684,
    "Search": 0.680801921561799,
    "Social": 0.7998463326056705,
    "Display": 0.552611292709783
  },
  "mmm_rel_err": {
    "TV": -0.17828262588282506,
    "Search": 0.4264386042098575,
    "Social": 0.3797662409852739,
    "Display": -0.27378778369826134
  },
  "mmm_rhat_max": 1.0178370121630365
}