{
  "ridge": {
    "radio_err": {
      "before": -0.3645449625125441,
      "after": -0.09947225677691775
    },
    "print_err": {
      "before": -0.16281047141682223,
      "after": -0.5592313596514094
    },
    "width_shrink": {
      "radio": 0.7377683579380574,
      "print": 0.4340304050507925
    }
  },
  "offpanel": {
    "true_roas": 0.5597355857898028,
    "observed": 0.5873823211549857,
    "width_shrink": 0.5385132873218076
  },
  "conflict": {
    "tension_z": 2.753849883711129,
    "search_err_clean": 0.07688817640933629,
    "search_err_poisoned": 0.26493173050129
  }
}