{
  "chasers": [
    "Search",
    "Social"
  ],
  "chaser_score": {
    "A \u2014 demand hidden": 0.4031024225975657,
    "B \u2014 index, marked": 0.21788591702742843,
    "B \u2014 index, unmarked": 0.21481341016759742
  },
  "search_rel_err": {
    "hidden": 0.4264386042098575,
    "marked": 0.2514241063449413,
    "unmarked": 0.24701430003307379
  },
  "rc_rel_err": {
    "TV": -0.14564318572111248,
    "Search": 0.14621589651940145,
    "Social": -0.10306101046003606,
    "Display": 5.2091984507415194e-05
  },
  "rhat_max": {
    "uc": 1.0178370121630365,
    "cc": 1.0100492251340996,
    "rc": 1.015259461600492
  }
}