{
  "grade": {
    "TV": {
      "true": 8948.393111117406,
      "est": 7301.7009267429075,
      "rel_err": -0.1840209928113979,
      "covered": false
    },
    "Search": {
      "true": 3977.788687693966,
      "est": 4310.295766220031,
      "rel_err": 0.08359093572635909,
      "covered": true
    },
    "Social": {
      "true": 3947.5652224458354,
      "est": 4616.922382399672,
      "rel_err": 0.16956202677738547,
      "covered": true
    },
    "Display": {
      "true": 3090.469911682915,
      "est": 3677.2572793012596,
      "rel_err": 0.1898699500034315,
      "covered": true
    },
    "Video": {
      "true": 8286.226903768296,
      "est": 8956.277478855738,
      "rel_err": 0.08086317003734539,
      "covered": true
    },
    "Radio": {
      "true": 3300.9755657020523,
      "est": 2097.6215518483737,
      "rel_err": -0.3645449625125441,
      "covered": true
    },
    "Print": {
      "true": 2096.56882093089,
      "est": 1755.2254628373207,
      "rel_err": -0.16281047141682223,
      "covered": true
    }
  },
  "marginal": {
    "TV": {
      "est": 0.5582062985272767,
      "true": 0.646087674227024
    },
    "Search": {
      "est": 0.4016768886770019,
      "true": 0.37898421210795213
    },
    "Social": {
      "est": 0.517385501914073,
      "true": 0.47212813230285877
    },
    "Display": {
      "est": 0.5530202917761458,
      "true": 0.45842533808800584
    },
    "Video": {
      "est": 1.5666780732738435,
      "true": 1.4443620465081262
    },
    "Radio": {
      "est": 0.49270147225637506,
      "true": 0.7413362863158339
    },
    "Print": {
      "est": 0.6238187516906243,
      "true": 0.7197422875936998
    }
  },
  "bad_control": {
    "TV": {
      "causal": 7301.7009267429075,
      "with_mediator": 5996.059742983045,
      "true": 8948.393111117406
    },
    "Video": {
      "causal": 8956.277478855738,
      "with_mediator": 6862.632807304503,
      "true": 8286.226903768296
    }
  },
  "refutation": {
    "n_tests": 4,
    "n_passed": 3
  },
  "ridge": {
    "radio_print_spend_corr": 0.9957212695428542,
    "rel_width": {
      "TV": 0.395777042005281,
      "Search": 0.6651910421616175,
      "Social": 0.7171199501039381,
      "Display": 1.11841378744443,
      "Video": 0.5697691562105738,
      "Radio": 1.8453944187151885,
      "Print": 2.2984107333202206
    }
  }
}